{
  "(3, 3, 0, 2, 0)": {
    "move": 76.64909279823101,
    "hunt": 87.82368982465398,
    "attack": 107.53218029429392,
    "rest": 68.6082700290452,
    "drink": 62.945988471257444
  },
  "(3, 3, 1, 0, 0)": {
    "move": 392.8818699247577,
    "hunt": 334.78398848943465,
    "attack": 171.10401126672323,
    "rest": 0.0,
    "drink": -0.3791348330273585
  },
  "(3, 3, 1, 1, 0)": {
    "move": 338.7642921548881,
    "hunt": 97.41373798645567,
    "attack": 1001.6119086503238,
    "rest": 0.0,
    "drink": 0.0
  },
  "(3, 3, 0, 1, 0)": {
    "move": 609.7683980325268,
    "hunt": 673.1443387918208,
    "attack": 1267.8771980885995,
    "rest": 138.0629886162068,
    "drink": 396.7583419385834
  },
  "(3, 2, 0, 1, 0)": {
    "move": 987.8585979970109,
    "hunt": 628.6112328283112,
    "attack": 3540.739952840835,
    "rest": 1560.9024975369398,
    "drink": 421.4757630957003
  },
  "(3, 2, 0, 2, 0)": {
    "move": 275.40381821023584,
    "hunt": 1650.7196690605779,
    "attack": 275.59849673109073,
    "rest": 274.9884636657368,
    "drink": 240.8078094185848
  },
  "(3, 2, 1, 0, 0)": {
    "move": 7.520951396473613,
    "hunt": 527.3244174018238,
    "attack": 110.6382839719659,
    "rest": 2.634519796701872,
    "drink": 0.0
  },
  "(3, 3, 2, 0, 0)": {
    "move": 119.49445186223879,
    "hunt": 30.428718182973906,
    "attack": 528.8976654504498,
    "rest": 0.0,
    "drink": 0.0
  },
  "(3, 2, 1, 1, 0)": {
    "move": 2562.048647717882,
    "hunt": 721.6715999259748,
    "attack": 1216.4135158603647,
    "rest": 0.0,
    "drink": 0.0
  },
  "(3, 1, 0, 2, 0)": {
    "move": 2560.2335281549417,
    "hunt": 5206.956812931027,
    "attack": 239.64305290767132,
    "rest": 527.8772022512587,
    "drink": 1043.2381285764334
  },
  "(3, 1, 1, 0, 0)": {
    "move": 499.5318334591195,
    "hunt": 2385.8983898580036,
    "attack": 456.3075130537199,
    "rest": 0.0,
    "drink": 10.244462177976358
  },
  "(3, 1, 0, 1, 0)": {
    "move": 3726.814519638901,
    "hunt": 4033.1854125726018,
    "attack": 3288.5820885153835,
    "rest": 4712.634587847,
    "drink": 7616.708323155139
  },
  "(3, 2, 2, 0, 0)": {
    "move": 68.41359632233358,
    "hunt": 707.7927859106369,
    "attack": 45.321518260411835,
    "rest": 0.0,
    "drink": 0.0
  },
  "(3, 1, 2, 0, 0)": {
    "move": 80.7376223748891,
    "hunt": 89.77867402251356,
    "attack": 865.9718175382686,
    "rest": 0.0,
    "drink": 0.0
  },
  "(3, 0, 0, 1, 0)": {
    "move": 543.7448500100118,
    "hunt": 960.4426065872063,
    "attack": 818.3543972117749,
    "rest": 454.792399890448,
    "drink": 1510.114146666093
  },
  "(3, 1, 1, 1, 0)": {
    "move": 2792.488720405576,
    "hunt": 809.8081307843147,
    "attack": 962.2100985289053,
    "rest": 8.736380823728235,
    "drink": 45.03290246488733
  },
  "(3, 0, 1, 1, 0)": {
    "move": 59.829187710053844,
    "hunt": 1077.9777241773825,
    "attack": 131.41926901175609,
    "rest": 186.84884650879283,
    "drink": 2.0843049468187456
  },
  "(3, 1, 2, 1, 0)": {
    "move": 60.254174044875306,
    "hunt": 6.840604929324656,
    "attack": 206.89655034278783,
    "rest": 4.483724202560941,
    "drink": 3.0770426737737835
  },
  "(3, 0, 1, 0, 0)": {
    "move": 184.0551551921977,
    "hunt": 460.61097185016325,
    "attack": 41.34266046852245,
    "rest": 126.87140246969382,
    "drink": 160.03065804562124
  },
  "(3, 0, 0, 2, 0)": {
    "move": 528.3978290727748,
    "hunt": 99.49595687667404,
    "attack": 1214.3433593841037,
    "rest": 50.258467223457565,
    "drink": 8.103587480970575
  },
  "(3, 0, 2, 0, 0)": {
    "move": 127.567716625748,
    "hunt": 559.7182086973563,
    "attack": 22.164962283927565,
    "rest": -16.212974384142136,
    "drink": 73.09189739754991
  },
  "(3, 2, 2, 1, 0)": {
    "move": 785.4795863731317,
    "hunt": 108.83239281682836,
    "attack": 12.605738009788773,
    "rest": 0.0,
    "drink": 0.0
  },
  "(3, 1, 3, 0, 0)": {
    "move": 80.54994965141175,
    "hunt": 559.9275047886235,
    "attack": 91.4980016302214,
    "rest": 0.0,
    "drink": 0.0
  },
  "(3, 1, 3, 1, 0)": {
    "move": 370.34123629162013,
    "hunt": 131.65006233983885,
    "attack": 483.68927856799144,
    "rest": 0.0,
    "drink": 0.0
  },
  "(3, 0, 3, 0, 0)": {
    "move": 346.6342269848511,
    "hunt": -1.0898517954763873,
    "attack": 645.5548494932943,
    "rest": -4.744962905961137,
    "drink": 898.3089832930788
  },
  "(3, 0, 2, 1, 0)": {
    "move": 2.242791253807241,
    "hunt": 385.8795592519564,
    "attack": -0.6202775465378463,
    "rest": 43.45553398749694,
    "drink": 44.63671905272759
  },
  "(3, 0, 3, 1, 0)": {
    "move": 546.9276626860815,
    "hunt": 866.5106869743367,
    "attack": 478.20916472468656,
    "rest": 490.2550831612592,
    "drink": 70.16163882467002
  },
  "(3, 1, 0, 0, 0)": {
    "move": 0.0,
    "hunt": 0.0,
    "attack": 0.0,
    "rest": 0.0,
    "drink": 0.0
  },
  "(3, 3, 3, 0, 0)": {
    "move": 336.38734330533595,
    "hunt": 360.81546297706257,
    "attack": 512.732581387593,
    "rest": 0.0,
    "drink": 0.0
  },
  "(3, 3, 2, 1, 0)": {
    "move": 180.12440445129874,
    "hunt": 649.206390624767,
    "attack": 573.7144721611763,
    "rest": 0.0,
    "drink": 0.0
  },
  "(3, 3, 0, 3, 0)": {
    "move": 2.93548830301639,
    "hunt": 1.1170098180859536,
    "attack": 2362.7925033838524,
    "rest": -5.619159597577615,
    "drink": 158.14380784532048
  },
  "(3, 2, 0, 0, 0)": {
    "move": 4.901605294010562,
    "hunt": 0.0,
    "attack": 0.0,
    "rest": 0.0,
    "drink": 1.579606251945602
  },
  "(3, 1, 0, 3, 0)": {
    "move": 421.3458809860279,
    "hunt": 4441.577420269528,
    "attack": 813.6707816828957,
    "rest": 1005.4176754163689,
    "drink": 1607.6496696405175
  },
  "(3, 2, 0, 3, 0)": {
    "move": 2131.181102257261,
    "hunt": 4827.026206809637,
    "attack": 745.0268794446005,
    "rest": 1514.0326738657834,
    "drink": 1059.6123728309042
  },
  "(3, 0, 0, 3, 0)": {
    "move": 312.6917251942266,
    "hunt": 1271.2524905398636,
    "attack": 885.7611386730856,
    "rest": 1042.1716490727022,
    "drink": 880.0885373304302
  },
  "(3, 3, 3, 1, 0)": {
    "move": 738.5437021684502,
    "hunt": 766.2959609731107,
    "attack": 467.13288648345986,
    "rest": 0.0,
    "drink": 0.0
  },
  "(3, 2, 3, 0, 0)": {
    "move": 419.1946922395719,
    "hunt": 245.28576922037146,
    "attack": 922.875034740564,
    "rest": 0.0,
    "drink": 0.0
  },
  "(3, 3, 1, 2, 0)": {
    "move": 0.0,
    "hunt": 0.0,
    "attack": 0.0,
    "rest": 0.0,
    "drink": 0.0
  },
  "(3, 2, 3, 1, 0)": {
    "move": 466.4573660699329,
    "hunt": 740.1738635348876,
    "attack": 230.65043699522107,
    "rest": 0.0,
    "drink": 0.0
  }
}