{
  "(3, 3, 0, 0)": {
    "move": 118.01574141253481,
    "eat": 111.35655220982424,
    "drink": 110.3381790300154,
    "rest": 110.61950801510147
  },
  "(3, 3, 1, 0)": {
    "move": 117.19286945705076,
    "eat": 183.39922305988,
    "drink": 179.51897563536684,
    "rest": 178.16000746223736
  },
  "(3, 2, 0, 0)": {
    "move": 86.24190864467455,
    "eat": 88.21380739846535,
    "drink": 86.79488983026783,
    "rest": 100.71249762517448
  },
  "(3, 2, 1, 0)": {
    "move": 101.50734051454617,
    "eat": 195.78731387861018,
    "drink": 178.26185342654992,
    "rest": 180.22280438320573
  },
  "(3, 1, 0, 0)": {
    "move": 74.9690758639241,
    "eat": 74.57390510202733,
    "drink": 73.54423737997968,
    "rest": 75.06824097475118
  },
  "(3, 1, 1, 0)": {
    "move": 13.201278621467123,
    "eat": 44.582541503818504,
    "drink": 3.0750109897236975,
    "rest": 22.87856393058275
  }
}